tag_name,filename
ubuntu:17.04,container285
ubuntu:17.04,container396
ubuntu:17.04,container425
legacy-2.3,container425
ubuntu:17.04,container469
ubuntu:17.04,container519
ubuntu:17.04,container616
ubuntu:17.04,container617
ubuntu:17.04,container662
ubuntu:17.04,container788
ubuntu:17.04,container619
ubuntu:17.04,container787
ubuntu:17.04,container578
ubuntu:17.04,container468
ubuntu:17.04,container811
ubuntu:17.04,container810
ubuntu:17.04,container561
ubuntu:17.04,container560
ubuntu:17.04,container858
ubuntu:17.04,container865
ubuntu:17.04,container901
ubuntu:17.04,container836
ubuntu:17.04,container924
ubuntu:17.04,container837
ubuntu:17.04,container976
ubuntu:17.04,container696
ubuntu:17.04,container975
ubuntu:17.04,container872
ubuntu:17.04,container624
ubuntu:17.04,container888
ubuntu:17.04,container1038
ubuntu:17.04,container1464
ubuntu:17.04,container540
ubuntu:17.04,container538
ubuntu:16.10,container540
ubuntu:16.10,container538
ubuntu:17.04,container923
ubuntu:17.04,container848
ubuntu:17.04,container853
ubuntu:17.04,container894
ubuntu:17.04,container952
ubuntu:17.04,container1501
singularity-container,container1501
bids,container1501
diffusion-mri,container1501
diffusion-preprocessing,container1501
ubuntu:17.04,container878
ubuntu:16.10,container878
ubuntu:17.04,container740
experiments,container740
expfactory,container740
psychology,container740
behavior,container740
mindfullness,container740
ubuntu:17.04,container762
ubuntu:17.04,container
ubuntu:17.04,container979
ubuntu:17.04,container980
ubuntu:17.04,container978
centos:7,container979
centos:7,container980
centos:7,container978
ubuntu:17.04,container2504
ubuntu:17.04,container1861
ubuntu:16.04,container
ubuntu:16.04,container2504
ubuntu:16.04,container1861
ubuntu:17.04,container1510
ubuntu:17.04,container673
ubuntu:17.04,container8925
ubuntu:17.04,container855
ubuntu:17.04,container2250
ubuntu:17.04,container850
ubuntu:16.10,container673
ubuntu:16.10,container8925
ubuntu:16.10,container855
ubuntu:16.10,container2250
ubuntu:16.10,container850
ubuntu:16.10,container
ubuntu:17.04,container390
ubuntu:17.04,container391
ubuntu:17.04,container913
ubuntu:17.04,container932
ubuntu:17.04,container2712
ubuntu:17.04,container822
ubuntu:17.04,container547
ubuntu:17.04,container893
ubuntu:17.04,container847
ubuntu:17.04,container45
ubuntu:17.04,container993
ubuntu:17.04,container31
ubuntu:17.04,container30
ubuntu:17.04,container32
ubuntu:17.04,container27
ubuntu:17.04,container29
ubuntu:17.04,container28
ubuntu:17.04,container37
ubuntu:17.04,container816
amazonlinux:2016:09,container816
ubuntu:17.04,container574
ubuntu:17.04,container935
ubuntu:17.04,container1140
ubuntu:17.04,container1141
ubuntu:17.04,container546
ubuntu:17.04,container709
ubuntu:17.04,container776
singularity,container709
singularity,container776
container,container709
container,container776
battery,container709
battery,container776
experiment-factory,container709
experiment-factory,container776
experiments,container709
experiments,container776
expfactory,container709
expfactory,container776
psychology,container709
psychology,container776
reproducible,container709
reproducible,container776
ubuntu:17.04,container394
ubuntu:17.04,container1811
ubuntu:17.04,container623
ubuntu:16.10,container1811
ubuntu:16.10,container623
ubuntu:17.04,container413
ubuntu:16.04,container413
ubuntu:17.04,container50
ubuntu:17.04,container1001
ubuntu:16.10,container1001
ubuntu:17.04,container1078
ubuntu:17.04,container1075
ubuntu:17.04,container1337
ubuntu:17.04,container2314
ubuntu:17.04,container1077
ubuntu:17.04,container1079
ubuntu:17.04,container1080
debian:sid,container1078
debian:sid,container1075
debian:sid,container1337
debian:sid,container2314
debian:sid,container1077
debian:sid,container1079
debian:sid,container1080
ubuntu:16.10,container1078
ubuntu:16.10,container1075
ubuntu:16.10,container1337
ubuntu:16.10,container2314
ubuntu:16.10,container1077
ubuntu:16.10,container1079
ubuntu:16.10,container1080
nextflow,container1078
nextflow,container1075
nextflow,container1337
nextflow,container2314
nextflow,container1077
nextflow,container1079
nextflow,container1080
genomics,container1078
genomics,container1075
genomics,container1337
genomics,container2314
genomics,container1077
genomics,container1079
genomics,container1080
ubuntu:17.04,container57
ubuntu:17.04,container34
legacy-2.3,container57
legacy-2.3,container34
ubuntu:16.04,container57
ubuntu:16.04,container34
ubuntu:17.04,container458
ubuntu:17.04,container488
ubuntu:17.04,container498
ubuntu:17.04,container508
centos:7,container488
centos:7,container498
centos:7,container508
ubuntu:17.04,container817
ubuntu:17.04,container479
singularity-containers,container479
singularity-images,container479
wine,container479
winetricks,container479
ubuntu:17.04,container430
ubuntu:17.04,container408
ubuntu:17.04,container409
ubuntu:16.04,container409
ubuntu:17.04,container8835
ubuntu:17.04,container933
ubuntu:16.10,container8835
ubuntu:16.10,container933
ngs,container8835
ngs,container
ngs,container933
ubuntu:17.04,container873
ubuntu:17.04,container874
ubuntu:17.04,container875
ubuntu:17.04,container2683
ubuntu:17.04,container1747
ubuntu:17.04,container876
ubuntu:17.04,container877
debian:sid,container873
debian:sid,container
debian:sid,container874
debian:sid,container875
debian:sid,container2683
debian:sid,container1747
debian:sid,container876
debian:sid,container877
ubuntu:16.10,container873
ubuntu:16.10,container874
ubuntu:16.10,container875
ubuntu:16.10,container2683
ubuntu:16.10,container1747
ubuntu:16.10,container876
ubuntu:16.10,container877
ubuntu:17.04,container10466
ubuntu:17.04,container715
ubuntu:16.04,container10466
ubuntu:16.04,container715
ubuntu:17.04,container460
ubuntu:17.04,container461
ubuntu:17.04,container602
ubuntu:17.04,container459
ubuntu:17.04,container462
ubuntu:17.04,container515
ubuntu:16.10,container515
ubuntu:17.04,container1103
ubuntu:17.04,container1102
ubuntu:17.04,container2343
ubuntu:17.04,container1867
ubuntu:16.10,container1103
ubuntu:16.10,container1102
ubuntu:16.10,container2343
ubuntu:16.10,container1867
ubuntu:17.04,container284
ubuntu:17.04,container283
ubuntu:17.04,container712
ubuntu:16.10,container712
ubuntu:17.04,container653
ubuntu:17.04,container4672
ubuntu:17.04,container1987
ubuntu:17.04,container1556
ubuntu:17.04,container1857
ubuntu:17.04,container1195
ubuntu:17.04,container1207
ubuntu:17.04,container1219
ubuntu:17.04,container4671
ubuntu:17.04,container1208
ubuntu:16.10,container4672
ubuntu:16.10,container1987
ubuntu:16.10,container1556
ubuntu:16.10,container1857
ubuntu:16.10,container1195
ubuntu:16.10,container1207
ubuntu:16.10,container1219
ubuntu:16.10,container4671
ubuntu:16.10,container1208
coverage,container4672
coverage,container1987
coverage,container1556
coverage,container1857
coverage,container1195
coverage,container1207
coverage,container1219
coverage,container4671
coverage,container1208
de-novo,container4672
de-novo,container1987
de-novo,container1556
de-novo,container1857
de-novo,container1195
de-novo,container1207
de-novo,container1219
de-novo,container4671
de-novo,container1208
ngs,container4672
ngs,container1987
ngs,container1556
ngs,container1857
ngs,container1195
ngs,container1207
ngs,container1219
ngs,container4671
ngs,container1208
pacbio,container4672
pacbio,container1987
pacbio,container1556
pacbio,container1857
pacbio,container1195
pacbio,container1207
pacbio,container1219
pacbio,container4671
pacbio,container1208
rna-seq,container4672
rna-seq,container1987
rna-seq,container1556
rna-seq,container1857
rna-seq,container1195
rna-seq,container1207
rna-seq,container1219
rna-seq,container4671
rna-seq,container1208
sequanix,container4672
sequanix,container1987
sequanix,container1556
sequanix,container1857
sequanix,container1195
sequanix,container1207
sequanix,container1219
sequanix,container4671
sequanix,container1208
snakemake,container4672
snakemake,container1987
snakemake,container1556
snakemake,container1857
snakemake,container1195
snakemake,container1207
snakemake,container1219
snakemake,container4671
snakemake,container1208
variant-calling,container4672
variant-calling,container1987
variant-calling,container1556
variant-calling,container1857
variant-calling,container1195
variant-calling,container1207
variant-calling,container1219
variant-calling,container4671
variant-calling,container1208
ubuntu:17.04,container46
ubuntu:17.04,container818
ubuntu:17.04,container23
legacy-2.3,container282
ubuntu:16.04,container282
legacy-2.3,container
legacy-2.3,container388
debian:stretch,container
debian:stretch,container388
legacy-2.3,container43
ubuntu:16.04,container43
legacy-2.3,container421
legacy-2.3,container423
legacy-2.3,container415
legacy-2.3,container420
legacy-2.3,container418
legacy-2.3,container419
legacy-2.3,container422
legacy-2.3,container424
ubuntu:16.04,container421
ubuntu:16.04,container423
ubuntu:16.04,container415
ubuntu:16.04,container420
ubuntu:16.04,container418
ubuntu:16.04,container419
ubuntu:16.04,container422
ubuntu:16.04,container424
debian:sid,container421
debian:sid,container423
debian:sid,container415
debian:sid,container420
debian:sid,container418
debian:sid,container419
debian:sid,container422
debian:sid,container424
debian:8.6,container421
debian:8.6,container423
debian:8.6,container415
debian:8.6,container420
debian:8.6,container418
debian:8.6,container419
debian:8.6,container422
debian:8.6,container424
legacy-2.3,container180
legacy-2.3,container10266
ubuntu:16.04,container180
ubuntu:16.04,container10266
legacy-2.3,container281
ubuntu:16.04,container281
ubuntu:16.04,container1258
ubuntu:16.04,container1260
ubuntu:16.04,container1259
ubuntu:16.04,container1277
ubuntu:16.04,container1301
ubuntu:16.04,container1370
ubuntu:16.04,container1447
ubuntu:16.04,container1502
ubuntu:16.04,container1513
ubuntu:16.04,container1536
ubuntu:16.04,container1570
ubuntu:16.04,container1475
ubuntu:16.04,container1655
ubuntu:16.04,container1648
ubuntu:16.04,container1682
ubuntu:16.04,container1686
ubuntu:16.04,container1730
ubuntu:16.04,container1446
ubuntu:16.10,container1446
ubuntu:16.04,container1766
ubuntu:16.04,container1473
ubuntu:16.04,container1474
ubuntu:16.04,container1782
ubuntu:16.04,container1781
ubuntu:16.04,container1783
ubuntu:16.04,container1784
ubuntu:16.04,container1800
ubuntu:16.04,container1799
ubuntu:16.04,container1786
ubuntu:16.04,container1865
ubuntu:16.04,container1868
ubuntu:16.04,container1832
photon:1.0,container1868
photon:1.0,container1832
ubuntu:16.04,container1789
ubuntu:16.04,container2012
ubuntu:16.04,container2014
ubuntu:16.04,container2017
ubuntu:16.04,container2030
ubuntu:16.04,container2050
ubuntu:16.04,container2137
ubuntu:16.04,container2152
ubuntu:16.04,container2184
ubuntu:16.04,container2183
ubuntu:16.04,container2180
ubuntu:16.04,container2205
ubuntu:16.04,container2070
ubuntu:16.04,container1728
ubuntu:16.04,container2245
ubuntu:16.04,container2067
ubuntu:16.04,container1977
ubuntu:16.04,container1778
ubuntu:16.04,container1451
debian:sid,container2070
debian:sid,container1728
debian:sid,container2245
debian:sid,container2067
debian:sid,container1977
debian:sid,container1778
debian:sid,container1451
ubuntu:12.04.5,container2070
ubuntu:12.04.5,container1728
ubuntu:12.04.5,container
ubuntu:12.04.5,container2245
ubuntu:12.04.5,container2067
ubuntu:12.04.5,container1977
ubuntu:12.04.5,container1778
ubuntu:12.04.5,container1451
ubuntu:16.04,container2247
ubuntu:16.04,container2268
ubuntu:16.04,container1885
ubuntu:16.04,container1886
ubuntu:16.04,container2283
ubuntu:16.04,container2026
ubuntu:16.04,container2313
ubuntu:16.04,container2277
ubuntu:16.04,container2322
ubuntu:16.04,container2331
ubuntu:16.04,container2390
ubuntu:16.04,container2414
ubuntu:16.04,container2388
ubuntu:16.04,container2385
ubuntu:16.04,container2387
ubuntu:16.04,container2386
ubuntu:16.04,container2389
ubuntu:16.04,container2479
evolution,container2479
evolutionary-computation,container2479
genotype-phenotype-map,container2479
machine-learning,container2479
scientific-computing,container2479
scientific-publications,container2479
ubuntu:16.04,container2505
ubuntu:16.04,container2458
ubuntu:16.04,container2484
ubuntu:16.04,container2106
ubuntu:16.04,container2604
ubuntu:16.04,container2546
ubuntu:16.04,container2540
ubuntu:16.04,container2620
ubuntu:16.04,container2532
ubuntu:16.04,container1449
ubuntu:16.04,container2642
ubuntu:16.04,container2611
ubuntu:16.04,container2665
ubuntu:16.04,container1890
ubuntu:16.04,container1773
ubuntu:16.04,container1713
ubuntu:16.04,container1300
ubuntu:16.04,container2278
ubuntu:16.04,container2377
ubuntu:16.04,container2394
ubuntu:16.04,container2558
ubuntu:16.04,container2326
ubuntu:16.04,container2482
ubuntu:16.04,container2383
ubuntu:16.04,container2509
ubuntu:16.04,container2534
ubuntu:16.04,container2548
ubuntu:16.04,container3016
ubuntu:16.04,container2567
ubuntu:16.04,container2568
ubuntu:16.04,container2535
debian:sid,container2534
debian:sid,container2548
debian:sid,container3016
debian:sid,container2567
debian:sid,container2568
debian:sid,container2535
ubuntu:16.04,container1559
ubuntu:16.04,container1318
ubuntu:16.04,container1372
ubuntu:16.04,container1371
ubuntu:16.04,container1320
ubuntu:16.04,container1319
centos:7,container
centos:7,container1559
centos:7,container1318
centos:7,container1372
centos:7,container1371
centos:7,container1320
centos:7,container1319
ubuntu:16.04,container1683
ubuntu:16.04,container1684
ubuntu:16.04,container2355
ubuntu:16.04,container1855
ubuntu:16.04,container5274
ubuntu:16.04,container5273
ubuntu:16.04,container2153
ubuntu:16.04,container1850
ubuntu:16.04,container2590
ubuntu:16.04,container2592
ubuntu:16.04,container2591
ubuntu:16.04,container2157
ubuntu:16.04,container1762
ubuntu:16.04,container5837
ubuntu:16.04,container5591
ubuntu:16.04,container4722
ubuntu:16.04,container8085
ubuntu:16.04,container2646
ubuntu:16.04,container2645
ubuntu:16.04,container1585
ubuntu:16.04,container1610
ubuntu:16.04,container1589
ubuntu:16.04,container1601
ubuntu:16.04,container1593
ubuntu:16.04,container1611
ubuntu:16.04,container1596
debian:sid,container1610
debian:sid,container1589
debian:sid,container1601
debian:sid,container1593
debian:sid,container1611
debian:sid,container1596
centos:7,container1610
centos:7,container1589
centos:7,container1601
centos:7,container1593
centos:7,container1611
centos:7,container1596
singularity,container1610
singularity,container1589
singularity,container1601
singularity,container1593
singularity,container1611
singularity,container1596
docker,container1610
docker,container1589
docker,container1601
docker,container1593
docker,container1611
docker,container1596
fmri,container1610
fmri,container1589
fmri,container1601
fmri,container1593
fmri,container1611
fmri,container1596
mri,container1610
mri,container1589
mri,container1601
mri,container1593
mri,container1611
mri,container1596
spm,container1610
spm,container1589
spm,container1601
spm,container1593
spm,container1611
spm,container1596
ubuntu:16.04,container1471
ubuntu:16.04,container1478
debian:sid,container1471
debian:sid,container1478
ubuntu:16.04,container1770
ubuntu:16.04,container1969
ubuntu:16.04,container1667
ubuntu:16.04,container1687
ubuntu:16.04,container2672
ubuntu:16.04,container1763
ubuntu:16.04,container2449
ubuntu:16.04,container1758
ubuntu:16.04,container1759
ubuntu:16.04,container1757
ubuntu:16.04,container1926
ubuntu:16.04,container2264
ubuntu:16.04,container1984
ubuntu:16.04,container2312
ubuntu:16.04,container1771
ubuntu:16.04,container5184
ubuntu:16.04,container5107
ubuntu:16.04,container9909
ubuntu:16.04,container5112
ubuntu:16.04,container5115
ubuntu:16.04,container5685
ubuntu:16.04,container9384
ubuntu:16.04,container1459
ubuntu:16.04,container2584
ubuntu:16.04,container1479
ubuntu:16.04,container5185
centos:7,container5184
centos:7,container5107
centos:7,container9909
centos:7,container5112
centos:7,container5115
centos:7,container5685
centos:7,container9384
centos:7,container1459
centos:7,container2584
centos:7,container1479
centos:7,container5185
ubuntu:16.04,container2413
ubuntu:16.04,container2353
ubuntu:16.04,container1508
ubuntu:16.04,container1852
ubuntu:16.04,container1787
ubuntu:16.04,container1334
ubuntu:16.04,container1609
ubuntu:16.04,container5175
ubuntu:16.04,container1483
ubuntu:16.04,container1487
ubuntu:16.04,container1497
ubuntu:16.04,container1540
ubuntu:16.04,container3626
ubuntu:16.04,container3630
ubuntu:16.04,container4579
ubuntu:16.04,container5868
ubuntu:16.04,container7679
ubuntu:16.04,container2539
ubuntu:16.04,container1597
ubuntu:16.04,container5173
ubuntu:16.04,container3508
ubuntu:16.04,container2627
ubuntu:16.04,container1332
ubuntu:16.04,container2939
ubuntu:16.04,container2875
ubuntu:16.04,container4408
ubuntu:16.04,container1333
ubuntu:16.04,container1978
ubuntu:16.04,container1581
ubuntu:16.04,container1649
ubuntu:16.04,container1669
ubuntu:16.04,container2048
ubuntu:16.04,container2094
ubuntu:16.04,container2618
ubuntu:16.04,container2617
ubuntu:16.04,container1891
ubuntu:16.04,container2323
ubuntu:16.04,container2318
ubuntu:16.04,container2787
ubuntu:16.04,container2912
ubuntu:16.04,container5139
ubuntu:16.04,container5476
ubuntu:16.04,container2692
ubuntu:16.04,container5395
ubuntu:16.04,container5230
ubuntu:16.04,container3421
ubuntu:16.04,container5477
ubuntu:16.04,container2613
ubuntu:16.04,container5604
ubuntu:16.04,container2755
ubuntu:16.04,container5435
ubuntu:16.04,container2689
ubuntu:16.04,container1703
ubuntu:16.04,container1671
ubuntu:16.04,container1672
ubuntu:16.04,container2675
ubuntu:16.04,container1557
ubuntu:16.04,container9092
ubuntu:16.04,container11773
ubuntu:16.04,container4747
ubuntu:16.04,container2003
ubuntu:16.04,container1994
ubuntu:16.04,container7954
ubuntu:16.04,container2031
ubuntu:16.04,container2064
ubuntu:16.04,container5722
ubuntu:16.04,container2547
ubuntu:16.04,container2579
ubuntu:16.04,container5429
ubuntu:16.04,container2578
ubuntu:16.04,container2802
ubuntu:16.04,container2639
ubuntu:16.04,container7449
ubuntu:16.04,container5151
ubuntu:16.04,container7120
ubuntu:16.04,container2655
ubuntu:16.04,container2597
ubuntu:16.04,container2129
ubuntu:16.04,container4168
ubuntu:16.04,container3157
ubuntu:16.04,container1779
ubuntu:16.04,container3156
ubuntu:16.04,container4167
ubuntu:16.04,container8712
ubuntu:16.04,container2681
ubuntu:16.04,container2557
ubuntu:16.04,container1864
ubuntu:16.04,container2651
ubuntu:16.04,container1863
ubuntu:16.04,container1373
ubuntu:16.04,container1697
ubuntu:16.04,container1691
ubuntu:16.04,container1985
ubuntu:16.04,container1707
ubuntu:16.04,container1374
ubuntu:16.04,container2562
ubuntu:16.04,container15741
ubuntu:16.04,container2439
ubuntu:16.04,container2776
ubuntu:16.04,container9336
ubuntu:16.04,container2605
ubuntu:16.04,container2289
ubuntu:16.04,container2290
ubuntu:16.04,container3008
ubuntu:16.04,container1708
ubuntu:16.04,container1733
ubuntu:16.04,container1668
ubuntu:16.04,container1761
ubuntu:16.04,container1760
ubuntu:16.04,container1754
ubuntu:16.04,container1756
ubuntu:16.04,container1755
ubuntu:16.04,container1958
ubuntu:16.04,container1704
ubuntu:16.04,container1525
ubuntu:16.04,container2246
ubuntu:16.04,container2013
ubuntu:16.04,container1792
ubuntu:16.04,container1793
debian:sid,container1792
debian:sid,container1793
ubuntu:16.04,container2265
ubuntu:16.04,container2657
ubuntu:16.04,container2913
ubuntu:16.04,container3582
ubuntu:16.04,container1631
ubuntu:16.04,container1539
ubuntu:16.04,container2989
ubuntu:16.04,container3422
ubuntu:16.04,container4002
ubuntu:16.04,container4003
ubuntu:16.04,container2664
ubuntu:16.04,container5246
ubuntu:16.04,container3411
ubuntu:16.04,container2965
ubuntu:16.04,container4050
ubuntu:16.04,container1989
ubuntu:16.04,container2016
ubuntu:16.04,container2993
ubuntu:16.04,container2922
ubuntu:16.04,container2228
ubuntu:16.04,container2298
ubuntu:16.04,container2300
ubuntu:16.04,container2301
ubuntu:16.04,container5462
ubuntu:16.04,container1951
ubuntu:16.04,container5388
ubuntu:16.04,container3567
ubuntu:16.04,container5465
ubuntu:16.04,container3552
ubuntu:16.04,container2328
ubuntu:16.04,container6933
ubuntu:16.04,container5657
ubuntu:16.04,container9402
ubuntu:16.04,container3364
ubuntu:16.04,container5464
ubuntu:16.04,container5460
ubuntu:16.04,container5658
ubuntu:16.04,container5466
ubuntu:16.04,container5656
ubuntu:16.04,container7359
ubuntu:16.04,container5481
ubuntu:16.04,container2027
ubuntu:16.04,container5551
ubuntu:16.04,container5461
ubuntu:16.04,container5579
ubuntu:16.04,container2227
ubuntu:16.04,container3566
ubuntu:16.04,container5467
ubuntu:16.04,container5468
ubuntu:16.04,container9492
ubuntu:16.04,container5463
ubuntu:16.04,container2346
ubuntu:16.04,container3368
ubuntu:16.04,container6438
ubuntu:16.04,container5655
ubuntu:16.04,container9401
ubuntu:16.04,container5547
ubuntu:16.04,container2610
ubuntu:16.04,container2565
ubuntu:16.04,container2942
ubuntu:16.04,container1272
ubuntu:16.04,container1441
ubuntu:16.04,container1442
ubuntu:16.04,container1295
ubuntu:16.04,container1428
ubuntu:16.04,container1273
ubuntu:16.04,container4004
ubuntu:16.04,container2405
ubuntu:16.04,container2140
ubuntu:16.04,container1939
ubuntu:16.04,container1339
ubuntu:16.04,container1366
ubuntu:16.04,container1976
ubuntu:16.04,container3732
ubuntu:16.04,container1710
ubuntu:16.04,container3465
ubuntu:16.04,container2964
ubuntu:16.04,container3737
ubuntu:16.04,container2075
ubuntu:16.04,container1936
ubuntu:16.04,container2259
ubuntu:16.04,container3618
ubuntu:12.04.5,container2259
ubuntu:12.04.5,container3618
ubuntu:16.04,container1375
ubuntu:16.04,container2076
ubuntu:16.04,container2609
ubuntu:16.04,container11892
ubuntu:16.04,container1360
ubuntu:16.04,container2155
ubuntu:16.04,container8718
ubuntu:16.04,container7737
ubuntu:16.04,container1361
ubuntu:16.04,container6054
ubuntu:16.04,container3408
ubuntu:16.04,container1797
ubuntu:16.04,container1798
ubuntu:16.04,container1735
ubuntu:16.04,container1736
ubuntu:16.04,container2294
ubuntu:16.04,container2296
ubuntu:16.04,container1598
ubuntu:16.04,container6055
ubuntu:16.04,container8719
ubuntu:16.04,container3409
ubuntu:16.04,container11897
ubuntu:16.04,container1599
ubuntu:16.04,container2156
ubuntu:16.04,container7738
ubuntu:16.04,container2596
ubuntu:16.04,container3591
debian:sid,container455
debian:sid,container711
debian:sid,container757
debian:sid,container759
debian:sid,container987
debian:sid,container1006
ubuntu:16.10,container1006
debian:sid,container1203
debian:sid,container1503
experiment,container1503
fmri,container1503
mvpa,container1503
neuroscience,container1503
science,container1503
debian:sid,container1744
debian:sid,container1901
debian:sid,container2174
debian:sid,container2425
debian:sid,container2571
debian:sid,container2612
debian:sid,container2448
debian:sid,container1364
debian:sid,container487
debian:sid,container437
jupyter,container437
nbconvert,container437
pdf,container437
singularity,container437
singularity-container,container437
debian:sid,container1706
debian:sid,container1872
debian:sid,container1873
ubuntu:12.04.5,container1872
ubuntu:12.04.5,container1873
debian:sid,container2378
debian:sid,container1169
singularity,container1169
singularity-container,container1169
client,container1169
singularity-hub,container1169
singularity-registry,container1169
debian:sid,container48
debian:sid,container2544
debian:sid,container577
debian:sid,container773
debian:sid,container288
debian:sid,container1196
debian:sid,container1633
debian:sid,container579
debian:sid,container1049
debian:sid,container1062
debian:sid,container1063
debian:sid,container1050
ubuntu:16.10,container1049
ubuntu:16.10,container1062
ubuntu:16.10,container1063
ubuntu:16.10,container1050
debian:sid,container1477
singularity-container,container1477
nextflow,container1477
pipeline,container1477
evolution,container1477
bioinformatics,container1477
debian:sid,container1738
debian:sid,container575
debian:sid,container1381
singularity,container1381
singularity-container,container1381
scientific-filesystem,container1381
scif,container1381
debian:sid,container576
debian:sid,container1413
debian:sid,container1235
debian:sid,container1253
debian:sid,container536
debian:sid,container2595
debian:sid,container1342
debian:sid,container15746
debian:sid,container12122
debian:sid,container2349
debian:sid,container12106
debian:sid,container11370
debian:sid,container5358
debian:sid,container11553
debian:sid,container12088
debian:sid,container12120
debian:sid,container2350
debian:sid,container2040
debian:sid,container2309
ubuntu:12.04.5,container3410
ubuntu:12.04.5,container2077
ubuntu:12.04.5,container8744
ubuntu:12.04.5,container8743
ubuntu:12.04.5,container1734
ubuntu:12.04.5,container2254
ubuntu:12.04.5,container2255
ubuntu:16.10,container981
ubuntu:16.10,container983
ubuntu:16.10,container1027
ubuntu:16.10,container1043
ubuntu:16.10,container1051
ubuntu:16.10,container1058
ubuntu:16.10,container1104
ubuntu:16.10,container1172
ubuntu:16.10,container1204
ubuntu:16.10,container1238
ubuntu:16.10,container1246
ubuntu:16.10,container1192
ubuntu:16.10,container1302
ubuntu:16.10,container1283
ubuntu:16.10,container1421
ubuntu:16.10,container1155
ubuntu:16.10,container1164
ubuntu:16.10,container1712
ubuntu:16.10,container1690
ubuntu:16.10,container2284
ubuntu:16.10,container2370
ubuntu:16.10,container1472
ubuntu:16.10,container1198
ubuntu:16.10,container503
ubuntu:16.10,container1157
ubuntu:16.10,container1100
ubuntu:16.10,container971
ubuntu:16.10,container1602
ubuntu:16.10,container1138
ubuntu:16.10,container4682
ubuntu:16.10,container1139
oraclelinux:6.6,container
oraclelinux:6.6,container1138
oraclelinux:6.6,container4682
oraclelinux:6.6,container1139
ubuntu:16.10,container2622
ubuntu:16.10,container5574
ubuntu:16.10,container5576
ubuntu:16.10,container5575
ubuntu:16.10,container2334
ubuntu:16.10,container995
ubuntu:16.10,container2842
ubuntu:16.10,container3199
ubuntu:16.10,container2310
ubuntu:16.10,container5762
ubuntu:16.10,container1328
ubuntu:16.10,container4246
ubuntu:16.10,container4154
ubuntu:16.10,container2934
ubuntu:16.10,container1096
ubuntu:16.10,container2429
ubuntu:16.10,container1061
ubuntu:16.10,container1924
ubuntu:16.10,container989
ubuntu:16.10,container1152
ubuntu:16.10,container1519
ubuntu:16.10,container1189
ubuntu:16.10,container1433
ubuntu:16.10,container1190
ubuntu:16.10,container2786
ubuntu:16.10,container1191
ubuntu:16.10,container2452
ubuntu:16.10,container905
singularity,container2452
singularity,container905
containers,container2452
containers,container905
hpc,container2452
hpc,container905
ubuntu:16.10,container4946
ubuntu:16.10,container2269
ubuntu:16.10,container8690
ubuntu:16.10,container2379
ubuntu:16.10,container4737
ubuntu:16.10,container1905
ubuntu:16.10,container2725
ubuntu:16.10,container1903
ubuntu:16.10,container2380
ubuntu:16.10,container1848
ubuntu:16.10,container4107
ubuntu:16.10,container1916
ubuntu:16.10,container4736
ubuntu:16.10,container1918
ubuntu:16.10,container4738
ubuntu:16.10,container1846
ubuntu:16.10,container1165
ubuntu:16.10,container1170
ubuntu:16.10,container1299
busybox:1.26.1-uclibc,container700
busybox:1.26.1-uclibc,container
busybox:1.26.1-uclibc,container395
busybox:1.26.1-uclibc,container393
centos:7,container39
centos:7,container520
centos:7,container499
centos:7,container581
centos:7,container517
centos:7,container770
centos:7,container803
centos:7,container804
centos:7,container879
centos:7,container892
centos:7,container962
centos:7,container1048
centos:7,container1120
centos:7,container1161
centos:7,container1088
centos:7,container1368
centos:7,container1426
centos:7,container1425
centos:7,container1524
centos:7,container1893
centos:7,container1896
centos:7,container1909
centos:7,container1741
centos:7,container1908
centos:7,container1742
centos:7,container1919
centos:7,container1920
centos:7,container1921
centos:7,container1171
centos:7,container1934
centos:7,container1954
centos:7,container1932
centos:7,container1933
centos:7,container1930
centos:7,container2029
centos:7,container2160
centos:7,container2162
amazonlinux:2016:09,container2162
centos:7,container2229
centos:7,container2271
amazonlinux:2016:09,container2271
centos:7,container2288
centos:7,container2297
centos:7,container1494
astrophysics,container1494
gravitational,container1494
gravitational-wave-bursts,container1494
gravitational-waves,container1494
supernovae,container1494
centos:7,container2337
centos:7,container2340
centos:7,container1910
centos:7,container2446
centos:7,container2496
centos:7,container2497
centos:7,container2614
centos:7,container1377
centos:7,container2492
centos:7,container2494
centos:7,container2493
centos:7,container2984
centos:7,container2491
centos:7,container2436
centos:7,container2437
centos:7,container4218
centos:7,container1218
centos:7,container941
centos:7,container1840
centos:7,container988
centos:7,container1974
centos:7,container1931
centos:7,container429
centos:7,container496
centos:7,container593
centos:7,container3114
centos:7,container11025
centos:7,container5711
centos:7,container2637
centos:7,container9237
centos:7,container880
centos:7,container454
centos:7,container2102
centos:7,container1408
centos:7,container11664
centos:7,container8248
centos:7,container1411
centos:7,container3169
centos:7,container1409
centos:7,container1410
centos:7,container8221
centos:7,container1636
centos:7,container899
centos:7,container2937
centos:7,container898
jlab,container899
jlab,container2937
jlab,container898
moller,container899
moller,container2937
moller,container898
parity,container899
parity,container2937
parity,container898
physics,container899
physics,container2937
physics,container898
centos:7,container1026
centos:7,container1025
centos:7,container1788
centos:7,container2161
centos:7,container2404
centos:7,container2607
centos:7,container2601
centos:7,container2599
centos:7,container2598
centos:7,container2602
centos:7,container2600
centos:7,container1101
centos:7,container723
centos:7,container722
centos:7,container392
centos:7,container2281
centos:7,container1721
centos:7,container2282
centos:7,container2412
centos:7,container1549
centos:7,container1166
amazonlinux:2016:09,container1166
centos:7,container1911
centos:7,container2652
centos:7,container2654
centos:7,container2653
centos:7,container2445
centos:7,container985
centos:7,container1577
centos:7,container1011
centos:7,container2279
centos:7,container2280
centos:7,container1444
centos:7,container1443
centos:7,container1718
centos:7,container1716
centos:7,container1717
centos:7,container1714
centos:7,container1569
centos:7,container1785
centos:7,container1715
centos:7,container2222
centos:7,container2225
centos:7,container2333
centos:7,container1376
centos:7,container8919
centos:7,container1991
centos:7,container3734
centos:7,container3733
centos:7,container1956
alpine:3.4,container407
alpine:3.4,container909
alpine:3.4,container1555
alpine:3.4,container910
alpine:3.3,container909
alpine:3.3,container1555
alpine:3.3,container910
alpine:3.4,container404
photon:1.0,container482
photon:1.0,container754
photon:1.0,container753
photon:1.0,container765
photon:1.0,container781
photon:1.0,container782
photon:1.0,container887
photon:1.0,container947
photon:1.0,container996
photon:1.0,container1082
photon:1.0,container1081
photon:1.0,container1493
photon:1.0,container2028
photon:1.0,container2556
photon:1.0,container2555
photon:1.0,container775
photon:1.0,container646
photon:1.0,container1135
photon:1.0,container1134
photon:1.0,container1178
photon:1.0,container1309
photon:1.0,container1310
photon:1.0,container755
photon:1.0,container748
photon:1.0,container710
photon:1.0,container
photon:1.0,container405
photon:1.0,container1892
docker,container1892
python,container1892
data-science,container1892
hpc-applications,container1892
photon:1.0,container472
photon:1.0,container505
crux:3.1,container472
crux:3.1,container505
photon:1.0,container1110
photon:1.0,container1496
photon:1.0,container1111
photon:1.0,container4867
photon:1.0,container5618
photon:1.0,container2302
photon:1.0,container2305
photon:1.0,container2303
photon:1.0,container3333
photon:1.0,container5816
photon:1.0,container2304
photon:1.0,container5619
photon:1.0,container2356
alpine:3.3,container4867
alpine:3.3,container5618
alpine:3.3,container2302
alpine:3.3,container2305
alpine:3.3,container2303
alpine:3.3,container3333
alpine:3.3,container5816
alpine:3.3,container2304
alpine:3.3,container5619
alpine:3.3,container2356
amazonlinux:2016:09,container1064
amazonlinux:2016:09,container1065
amazonlinux:2016:09,container1066
amazonlinux:2016:09,container1160
amazonlinux:2016:09,container1579
amazonlinux:2016:09,container1565
amazonlinux:2016:09,container1775
amazonlinux:2016:09,container1915
amazonlinux:2016:09,container2325
amazonlinux:2016:09,container2338
amazonlinux:2016:09,container2670
amazonlinux:2016:09,container2631
amazonlinux:2016:09,container2659
amazonlinux:2016:09,container2660
amazonlinux:2016:09,container531
amazonlinux:2016:09,container2553
amazonlinux:2016:09,container2551
amazonlinux:2016:09,container1515
amazonlinux:2016:09,container968
amazonlinux:2016:09,container
amazonlinux:2016:09,container1154
amazonlinux:2016:09,container1450
amazonlinux:2016:09,container412
amazonlinux:2016:09,container2336
amazonlinux:2016:09,container2332
amazonlinux:2016:09,container2347
singularity,container3806
singularity,container3804
singularity,container3805
singularity-containers,container3806
singularity-containers,container3804
singularity-containers,container3805
nextflow,container3806
nextflow,container3804
nextflow,container3805
singularity-hub,container3806
singularity-hub,container3804
singularity-hub,container3805
recipes,container3806
recipes,container3804
recipes,container3805
singularity,container
singularity,container3933
singularity-container,container
singularity-container,container3933
tensor-comprehensions,container
tensor-comprehensions,container3933
singularity,container5271
singularity,container6682
docker,container6682
hpc,container6682
singularity,container10862
doge,container10862
singularity,container10884
singularity-container,container10884
singularity,container10885
singularity-container,container10885
singularity,container10891
singularity-container,container10891
singularity,container10864
singularity-container,container10864
gimp,container10864
singularity,container1267
crux:3.1,container1267
nextflow,container1267
pipeline,container1267
biodiversity,container1267
fungi,container1267
singularity,container3666
singularity,container3669
singularity,container3664
singularity,container3665
singularity,container3668
singularity,container3667
singularity-container,container3666
singularity-container,container3669
singularity-container,container3664
singularity-container,container3665
singularity-container,container3668
singularity-container,container3667
python,container3666
python,container3669
python,container3664
python,container3665
python,container3668
python,container3667
rstudio-server,container3666
rstudio-server,container3669
rstudio-server,container3664
rstudio-server,container3665
rstudio-server,container3668
rstudio-server,container3667
jupyter-notebook,container3666
jupyter-notebook,container3669
jupyter-notebook,container3664
jupyter-notebook,container3665
jupyter-notebook,container3668
jupyter-notebook,container3667
r,container3666
r,container3669
r,container3664
r,container3665
r,container3668
r,container3667
singularity,container4101
singularity,container3952
singularity,container3943
pytorch,container4101
pytorch,container3952
pytorch,container3943
singularity,container3017
singularity-container,container3017
hpc,container3017
archive,container3017
cluster,container3017
rar,container3017
srcc,container3017
srcc-lessons,container3017
singularity,container2873
singularity-containers,container2873
singularity-hub,container2873
bedtools,container2873
recipes,container2873
singularity,container13067
docker,container13067
fmri,container13067
cbrain-plugin,container13067
computational-pipelines,container13067
singularity,container3121
containers,container3121
client,container3121
cli,container3121
singularity-python,container3121
singularity,container10861
singularity-container,container10861
cowsay,container10861
singularity,container10983
singularity,container10007
singularity,container9895
singularity,container9760
singularity,container9762
singularity,container9842
singularity,container9897
singularity,container12060
singularity-container,container10983
singularity-container,container10007
singularity-container,container9895
singularity-container,container9760
singularity-container,container9762
singularity-container,container9842
singularity-container,container9897
singularity-container,container12060
singularity-containers,container10983
singularity-containers,container10007
singularity-containers,container9895
singularity-containers,container9760
singularity-containers,container9762
singularity-containers,container9842
singularity-containers,container9897
singularity-containers,container12060
singularity-hub,container10983
singularity-hub,container10007
singularity-hub,container9895
singularity-hub,container9760
singularity-hub,container9762
singularity-hub,container9842
singularity-hub,container9897
singularity-hub,container12060
singularity,container11516
singularity,container11500
singularity,container11522
singularity,container11521
containers,container11516
containers,container11500
containers,container11522
containers,container11521
bioinformatics,container11516
bioinformatics,container11500
bioinformatics,container11522
bioinformatics,container11521
embl,container11516
embl,container11500
embl,container11522
embl,container11521
embl-ebi,container11516
embl-ebi,container11500
embl-ebi,container11522
embl-ebi,container11521
phd,container11516
phd,container11500
phd,container11522
phd,container11521
singularity,container13163
singularity,container14225
singularity,container13188
singularity,container13164
singularity,container13161
singularity,container13187
singularity,container13192
singularity,container13199
rstudio-server,container13163
rstudio-server,container14225
rstudio-server,container13188
rstudio-server,container13164
rstudio-server,container13161
rstudio-server,container13187
rstudio-server,container13192
rstudio-server,container13199
jupyter-notebook,container13163
jupyter-notebook,container14225
jupyter-notebook,container13188
jupyter-notebook,container13164
jupyter-notebook,container13161
jupyter-notebook,container13187
jupyter-notebook,container13192
jupyter-notebook,container13199
r,container13163
r,container14225
r,container13188
r,container13164
r,container13161
r,container13187
r,container13192
r,container13199
netdx,container13163
netdx,container14225
netdx,container13188
netdx,container13164
netdx,container13161
netdx,container13187
netdx,container13192
netdx,container13199
r-base,container13163
r-base,container14225
r-base,container13188
r-base,container13164
r-base,container13161
r-base,container13187
r-base,container13192
r-base,container13199
r4,container13163
r4,container14225
r4,container13188
r4,container13164
r4,container13161
r4,container13187
r4,container13192
r4,container13199
singularity,container10872
singularity-container,container10872
gnuplot,container10872
singularity,container10383
ngs,container10383
snakemake,container10383
container,container10383
docker,container10383
bioinformatics,container10383
workflow,container10383
preprocessing,container10383
fastq,container10383
chastity,container10383
cleaning,container10383
contaminants,container10383
filtering,container10383
illumina,container10383
phred-quality-scores,container10383
qc,container10383
quality,container10383
quality-filtering,container10383
sequencing,container10383
trimming,container10383
singularity,container10382
snakemake,container10382
variant-calling,container10382
genomics,container10382
bioinformatics,container10382
population-genetics,container10382
ddocent,container10382
demultiplexing,container10382
fastq,container10382
gbs,container10382
genotyping,container10382
radseq,container10382
singularity-recipe,container10382
snp,container10382
stack,container10382
vcf,container10382
singularity,container14886
pytorch,container14886
machine-learning,container14886
deep-learning,container14886
environment,container14886
singularity,container10871
singularity-container,container10871
octave,container10871
singularity-container,container4691
singularity-container,container5169
singularity-container,container8027
singularity-container,container12591
numba,container12591
ubuntu,container12591
singularity-container,container3519
singularity-container,container13079
singularity-container,container5561
singularity-container,container12730
singularity-container,container3527
singularity-container,container11490
singularity-container,container4715
rstudio-server,container5561
rstudio-server,container12730
rstudio-server,container3527
rstudio-server,container11490
rstudio-server,container
rstudio-server,container4715
phylogenetics,container
bioinformatics,container
blast,container
anaconda,container
biopython,container
blast-searches,container
cell-biology,container
coulson-plot,container
ete3,container
eukaryotes,container
genome-annotation,container
hmmer3,container
orthology-inference,container
pandas,container
protists,container
python3,container
similarity-search,container
transcriptome-annotation,container
singularity-container,container5511
singularity-container,container5509
singularity-container,container9902
jupyter-notebook,container5511
jupyter-notebook,container5509
jupyter-notebook,container9902
tensorflow-gpu,container5511
tensorflow-gpu,container5509
tensorflow-gpu,container9902
tensorboard-visualization,container5511
tensorboard-visualization,container5509
tensorboard-visualization,container9902
singularity-container,container4879
singularity-container,container3982
singularity-container,container3528
singularity-container,container4984
geant4,container4984
singularity-container,container5372
singularity-container,container3663
r,container5372
r,container3663
shiny-server,container5372
shiny-server,container3663
shiny-apps,container5372
shiny-apps,container3663
singularity-container,container4720
jupyter-notebook,container4720
singularity-container,container4877
singularity-container,container6277
singularity-container,container11489
singularity-container,container7870
singularity-container,container10173
r,container4877
r,container6277
r,container11489
r,container7870
r,container10173
singularity-container,container10490
nextflow,container10490
evolution,container10490
metagenomics,container10490
next-generation-sequencing,container10490
phylogenetics,container10490
crux:3.1,container
crux:3.1,container868
crux:3.1,container1506
crux:3.1,container897
crux:3.1,container907
crux:3.1,container2339
crux:3.1,container750
crux:3.1,container749
crux:3.1,container2327
crux:3.1,container929
analysis,container929
ancient,container929
data,container929
dna,container929
genomics,container929
pipeline,container929
ngs,container12809
nextflow,container12809
pipeline,container12809
alignment,container12809
assembly,container12809
ngs,container13466
docker,container13466
nextflow,container13466
pipeline,container13466
bam-files,container13466
variants,container13466
negative-binomial-regression,container13466
regression,container13466
samtools,container13466
somatic-mutations,container13466
ngs,container12933
ngs,container15025
ngs,container12770
rna-seq,container12933
rna-seq,container15025
rna-seq,container12770
nextflow,container12933
nextflow,container15025
nextflow,container12770
pipeline,container12933
pipeline,container15025
pipeline,container12770
ngs,container5308
next-generation-sequencing,container5308
r,container5308
admixture,container5308
bam-files,container5308
bash,container5308
fasta,container5308
genotype-likelihoods,container5308
gui,container5308
inbreeding-coefficient,container5308
ngs-analysis,container5308
population-genetics,container5308
sfs,container5308
shell,container5308
software,container5308
thetas,container5308
user-friendly,container5308
visualization,container5308
wrapper,container5308
ngs,container13580
ngs,container13596
nextflow,container13580
nextflow,container13596
alignment,container13580
alignment,container13596
bwa,container13580
bwa,container13596
gatk,container13580
gatk,container13596
whole-exome-sequencing,container13580
whole-exome-sequencing,container13596
whole-genome-sequencing,container13580
whole-genome-sequencing,container13596
pacbio,container7379
quality-control,container7379
bioinformatics,container7379
nanopore,container7379
bioinformatics-analysis,container7379
oxford-nanopore,container7379
plotting,container7379
snakemake,container12423
genomics,container12423
fastq,container12423
gbs,container12423
vcf,container12423
automation,container12423
parallel,container12423
stacks,container12423
snakemake,container13276
metagenomics,container13276
community-simulations,container13276
computational-biology,container13276
gut-microbiome,container13276
metabolic-models,container13276
metagenome-assembled-genomes,container13276
snakemake,container
bioinformatics-pipeline,container
methylation,container
rrbs-data-analysis,container
rrbs-pipeline,container
variant-calling,container3883
nextflow,container3883
metagenomics,container3883
nf-core,container3883
workflow,container3883
genome-assembly,container3883
viral,container3883
viral-genomics,container3883
viral-metagenomics,container3883
viral-ngs,container3883
singularity-containers,container4629
singularity-containers,container4626
singularity-containers,container4639
singularity-containers,container4616
singularity-containers,container4613
singularity-containers,container4643
singularity-containers,container4607
singularity-containers,container4592
singularity-containers,container4644
singularity-containers,container4630
singularity-containers,container4588
singularity-containers,container4599
singularity-containers,container4631
singularity-containers,container4634
singularity-containers,container4615
nextflow,container4629
nextflow,container4626
nextflow,container4639
nextflow,container4616
nextflow,container4613
nextflow,container4643
nextflow,container4607
nextflow,container4592
nextflow,container4644
nextflow,container4630
nextflow,container4588
nextflow,container4599
nextflow,container4631
nextflow,container4634
nextflow,container4615
binning,container4629
binning,container4626
binning,container4639
binning,container4616
binning,container4613
binning,container4643
binning,container4607
binning,container4592
binning,container4644
binning,container4630
binning,container4588
binning,container4599
binning,container4631
binning,container4634
binning,container4615
metagenomic-analysis,container4629
metagenomic-analysis,container4626
metagenomic-analysis,container4639
metagenomic-analysis,container4616
metagenomic-analysis,container4613
metagenomic-analysis,container4643
metagenomic-analysis,container4607
metagenomic-analysis,container4592
metagenomic-analysis,container4644
metagenomic-analysis,container4630
metagenomic-analysis,container4588
metagenomic-analysis,container4599
metagenomic-analysis,container4631
metagenomic-analysis,container4634
metagenomic-analysis,container4615
singularity-containers,container5037
hpc,container5037
cluster,container5037
cloud,container5037
singularity-containers,container12114
singularity-containers,container
recipe-files,container12114
recipe-files,container
singularity-containers,container14549
singularity-containers,container14550
singularity-containers,container14338
singularity-containers,container14332
singularity-containers,container14333
singularity-containers,container14325
singularity-containers,container14610
singularity-containers,container14551
singularity-containers,container14336
docker,container14549
docker,container14550
docker,container14338
docker,container14332
docker,container14333
docker,container14325
docker,container14610
docker,container14551
docker,container14336
hpc,container14549
hpc,container14550
hpc,container14338
hpc,container14332
hpc,container14333
hpc,container14325
hpc,container14610
hpc,container14551
hpc,container14336
singularity-containers,container7363
singularity-hub,container7363
bioinformatics,container7363
bioinformatics-pipeline,container7363
bioinformatics-containers,container7363
bioinformatics-data,container7363
bioinformatics-scripts,container7363
container,container4723
docker,container4723
mpm,container4723
container,container7043
bioimage-informatics,container7043
cellorganizer,container7043
modeling-tools,container7043
virtualization,container7043
docker,container
clone,container
deeplabcut,container
docker,container9806
docker,container9824
docker,container9823
containers,container9806
containers,container9824
containers,container9823
bioconductor,container9806
bioconductor,container9824
bioconductor,container9823
nextflow,container3515
nf-core,container3515
workflow,container3515
small-rna,container3515
smrna-seq,container3515
nextflow,container3880
nextflow,container13123
nextflow,container13124
nextflow,container13105
nextflow,container13121
nextflow,container13089
nextflow,container13090
mutect,container13123
mutect,container13124
mutect,container13105
mutect,container13121
mutect,container13089
mutect,container13090
nextflow,container3583
nextflow,container3539
nextflow,container3838
dna,container3583
dna,container3539
dna,container3838
nf-core,container3583
nf-core,container3539
nf-core,container3838
workflow,container3583
workflow,container3539
workflow,container3838
hla,container3583
hla,container3539
hla,container3838
hla-typing,container3583
hla-typing,container3539
hla-typing,container3838
immunology,container3583
immunology,container3539
immunology,container3838
optitype,container3583
optitype,container3539
optitype,container3838
personalized-medicine,container3583
personalized-medicine,container3539
personalized-medicine,container3838
rna,container3583
rna,container3539
rna,container3838
nextflow,container3139
nextflow,container3909
bisulfite-sequencing,container3139
bisulfite-sequencing,container3909
dna-methylation,container3139
dna-methylation,container3909
methyl-seq,container3139
methyl-seq,container3909
nf-core,container3139
nf-core,container3909
workflow,container3139
workflow,container3909
nextflow,container13527
genomics,container13527
pipeline,container13527
nf-core,container13527
single-cell,container13527
nextflow,container3178
nf-core,container3178
workflow,container3178
chip-seq,container3178
chromatin-immunoprecipitation,container3178
peak-calling,container3178
python,container
python,container4031
python,container4034
fmri,container
fmri,container4031
fmri,container4034
neuroscience,container
neuroscience,container4031
neuroscience,container4034
afni,container
afni,container4031
afni,container4034
fsl,container
fsl,container4031
fsl,container4034
neuroimaging,container
neuroimaging,container4031
neuroimaging,container4034
nipype,container
nipype,container4031
nipype,container4034
preprocessing,container
preprocessing,container4031
preprocessing,container4034
ants,container
ants,container4031
ants,container4034
python,container7921
python,container7905
image-processing,container7921
image-processing,container7905
cell-morphology-analysis,container7921
cell-morphology-analysis,container7905
matlab,container7921
matlab,container7905
python,container9044
decorators,container9044
monitoring,container9044
psutils,container9044
watchme,container9044
watchme-psutils,container9044
python,container5840
python,container5663
python,container10323
python,container10340
data-storage,container5840
data-storage,container5663
data-storage,container10323
data-storage,container10340
dataset,container5840
dataset,container5663
dataset,container10323
dataset,container10340
git-annex,container5840
git-annex,container5663
git-annex,container10323
git-annex,container10340
usable,container5840
usable,container5663
usable,container10323
usable,container10340
centos:5,container1500
centos:5,container545
oraclelinux:7.0,container545
centos:5,container2261
physics,container
analysis,container
cern,container
hep,container
root,container
physics,container15322
geant4,container15322
detector,container15322
monte-carlo-simulation,container15322
containers,container14203
bioinformatics,container14203
reproducibility,container14203
hpc,container
clusters,container
csc,container
ucsb,container
hpc,container3050
adios,container3050
file-format,container3050
file-handling,container3050
hdf5,container3050
mpi,container3050
openpmd,container3050
openscience,container3050
research,container3050
analysis,container11122
analysis,container11628
analysis,container11289
analysis,container11295
analysis,container11279
analysis,container11110
analysis,container10881
analysis,container11286
analysis,container11147
analysis,container11274
analysis,container11321
analysis,container10880
analysis,container11264
analysis,container11252
analysis,container11237
analysis,container11335
analysis,container11293
analysis,container11100
analysis,container11144
analysis,container11248
analysis,container11239
analysis,container11219
analysis,container11203
analysis,container11297
analysis,container11238
analysis,container11250
analysis,container11251
analysis,container11117
analysis,container11217
analysis,container11299
analysis,container11215
analysis,container11142
analysis,container11291
pipeline,container11122
pipeline,container11628
pipeline,container11289
pipeline,container11295
pipeline,container11279
pipeline,container11110
pipeline,container10881
pipeline,container11286
pipeline,container11147
pipeline,container11274
pipeline,container11321
pipeline,container10880
pipeline,container11264
pipeline,container11252
pipeline,container11237
pipeline,container11335
pipeline,container11293
pipeline,container11100
pipeline,container11144
pipeline,container11248
pipeline,container11239
pipeline,container11219
pipeline,container11203
pipeline,container11297
pipeline,container11238
pipeline,container11250
pipeline,container11251
pipeline,container11117
pipeline,container11217
pipeline,container11299
pipeline,container11215
pipeline,container11142
pipeline,container11291
clinical,container11122
clinical,container11628
clinical,container11289
clinical,container11295
clinical,container11279
clinical,container11110
clinical,container10881
clinical,container11286
clinical,container11147
clinical,container11274
clinical,container11321
clinical,container10880
clinical,container11264
clinical,container11252
clinical,container11237
clinical,container11335
clinical,container11293
clinical,container11100
clinical,container11144
clinical,container11248
clinical,container11239
clinical,container11219
clinical,container11203
clinical,container11297
clinical,container11238
clinical,container11250
clinical,container11251
clinical,container11117
clinical,container11217
clinical,container11299
clinical,container11215
clinical,container11142
clinical,container11291
variants,container11122
variants,container11628
variants,container11289
variants,container11295
variants,container11279
variants,container11110
variants,container10881
variants,container11286
variants,container11147
variants,container11274
variants,container11321
variants,container10880
variants,container11264
variants,container11252
variants,container11237
variants,container11335
variants,container11293
variants,container11100
variants,container11144
variants,container11248
variants,container11239
variants,container11219
variants,container11203
variants,container11297
variants,container11238
variants,container11250
variants,container11251
variants,container11117
variants,container11217
variants,container11299
variants,container11215
variants,container11142
variants,container11291
genomics,container10695
next-generation-sequencing,container10695
bioinformatics,container10695
research,container10695
bioinformatics-pipeline,container10695
sequencing,container10695
global-health,container10695
infectious-diseases,container10695
pathogen,container10695
genomics,container15621
bioinformatics,container15621
computational-biology,container15621
scrna-seq-analysis,container15621
scrna-seq,container15621
scrnaseq,container15621
pipeline,container8240
pipeline,container4586
bioperl,container8240
bioperl,container4586
blast,container8240
blast,container4586
docker-container,container8240
docker-container,container4586
erpin,container8240
erpin,container4586
genome,container8240
genome,container4586
hmmer,container8240
hmmer,container4586
mitochondrial,container8240
mitochondrial,container4586
muscle,container8240
muscle,container4586
tbl2asn,container8240
tbl2asn,container4586
umac,container8240
umac,container4586
pipeline,container15267
pipeline,container15257
pipeline,container15258
pipeline,container15256
clawpack,container15267
clawpack,container15257
clawpack,container15258
clawpack,container15256
geoclaw,container15267
geoclaw,container15257
geoclaw,container15258
geoclaw,container15256
overland-flow,container15267
overland-flow,container15257
overland-flow,container15258
overland-flow,container15256
shallow-water-equations,container15267
shallow-water-equations,container15257
shallow-water-equations,container15258
shallow-water-equations,container15256
pipeline,container11589
pipeline,container10758
neuroscience,container11589
neuroscience,container10758
openscience,container11589
openscience,container10758
neuroimaging,container11589
neuroimaging,container10758
reproducible-research,container11589
reproducible-research,container10758
automation,container11589
automation,container10758
pytorch,container8899
mri,container8899
image-synthesis,container8899
deep-learning,container8899
metagenomics,container6490
metagenomics,container6540
metagenomics,container6541
3c,container6490
3c,container6540
3c,container6541
hi-c,container6490
hi-c,container6540
hi-c,container6541
louvain-community-detection,container6490
louvain-community-detection,container6540
louvain-community-detection,container6541
metagenome-assembly,container6490
metagenome-assembly,container6540
metagenome-assembly,container6541
metagenomic-pipeline,container6490
metagenomic-pipeline,container6540
metagenomic-pipeline,container6541
metagenomics,container12401
metagenomics,container12392
metagenomics,container12402
metagenomics,container15466
metagenomics,container14477
metagenomics,container15465
metagenomics,container15463
metagenomics,container15464
research,container12401
research,container12392
research,container12402
research,container15466
research,container14477
research,container15465
research,container15463
research,container15464
metagenomic-analysis,container12401
metagenomic-analysis,container12392
metagenomic-analysis,container12402
metagenomic-analysis,container15466
metagenomic-analysis,container14477
metagenomic-analysis,container15465
metagenomic-analysis,container15463
metagenomic-analysis,container15464
microbiome,container12401
microbiome,container12392
microbiome,container12402
microbiome,container15466
microbiome,container14477
microbiome,container15465
microbiome,container15463
microbiome,container15464
snakemake-workflows,container12401
snakemake-workflows,container12392
snakemake-workflows,container12402
snakemake-workflows,container15466
snakemake-workflows,container14477
snakemake-workflows,container15465
snakemake-workflows,container15463
snakemake-workflows,container15464
bioinformatics,container5135
machine-learning,container5135
phenotype-prediction,container5135
bioinformatics,container7926
converter,container7926
json,container7926
yaml,container7926
bioinformatics,container11123
r,container11123
anaconda2,container11123
conda,container11123
statistics,container11123
bioinformatics,container4774
bioinformatics,container3661
bioinformatics,container3719
bioinformatics,container3660
bioinformatics,container5967
bioinformatics,container7341
bioinformatics,container4116
bacterial-genomes,container4774
bacterial-genomes,container3661
bacterial-genomes,container3719
bacterial-genomes,container3660
bacterial-genomes,container5967
bacterial-genomes,container7341
bacterial-genomes,container4116
identification,container4774
identification,container3661
identification,container3719
identification,container3660
identification,container5967
identification,container7341
identification,container4116
bioinformatics,container12724
r,container12724
conda,container12724
statistics,container12724
anaconda3,container12724
x11,container12724
bioinformatics,container3197
antimicrobial-resistance-genes,container3197
bioinformatics-pipeline,container3197
nanopore,container3197
tuberculosis,container3197
astrophysics,container12731
astrophysical-simulation,container12731
dark-matter,container12731
galaxies,container12731
alpine:3.3,container1616
alpine:3.3,container1806
alpine:3.3,container1805
alpine:3.3,container1804
alpine:3.3,container1878
alpine:3.3,container1877
alpine:3.3,container1879
alpine:3.3,container1880
alpine:3.3,container1881
alpine:3.3,container1882
alpine:3.3,container2021
alpine:3.3,container1829
alpine:3.3,container1828
alpine:3.3,container1826
alpine:3.3,container1825
alpine:3.3,container1824
alpine:3.3,container1801
alpine:3.3,container1803
alpine:3.3,container1802
dataset,container14324
machine-learning,container14324
computer-vision,container14324
deep-learning,container14324
annotate-images,container14324
annotation-tool,container14324
classification,container14324
csv,container14324
desktop,container14324
entity-recognition,container14324
image-annotation,container14324
image-labeling-tool,container14324
image-segmentation,container14324
imagenet,container14324
labeling,container14324
labeling-tool,container14324
named-entity-recognition,container14324
semantic-segmentation,container14324
text-annotation,container14324
text-labeling,container14324
opensuse:13.2,container2573
opensuse:13.2,container
workflow,container15342
ecflow,container15342
nwp,container15342
neuroimaging,container12661
visualization,container12661
brain-dynamics,container12661
brain-networks,container12661
mapper-algorithm,container12661
topological-data-analysis,container12661
trajectory-inference,container4259
trajectory-inference,container4258
trajectory-inference,container4257
trajectory-inference,container4256
gene-regulatory-network,container11019
gene-regulatory-network,container7432
gene-regulatory-network,container10938
gene-regulatory-network,container10384
gene-regulatory-network,container9051
gene-regulatory-network,container7945
gene-regulatory-network,container7824
single-cell,container11019
single-cell,container7432
single-cell,container10938
single-cell,container10384
single-cell,container9051
single-cell,container7945
single-cell,container7824
transcription-factors,container11019
transcription-factors,container7432
transcription-factors,container10938
transcription-factors,container10384
transcription-factors,container9051
transcription-factors,container7945
transcription-factors,container7824
transcriptomics,container11019
transcriptomics,container7432
transcriptomics,container10938
transcriptomics,container10384
transcriptomics,container9051
transcriptomics,container7945
transcriptomics,container7824
active-sensing,container7681
entropy,container7681
ergodicity,container7681
infotaxis,container7681
kullback-leibler-divergence,container7681
movement,container7681
search,container7681
sensing,container7681
sensorimotor-integration,container7681
tracking,container7681
trajectory,container7681
actin,container8497
nanoscopy,container8497
segmentation,container8497
computational-fluid-dynamics,container9540
computational-fluid-dynamics,container
computational-fluid-dynamics,container9669
gpu-computing,container9540
gpu-computing,container
gpu-computing,container9669
immersed-boundary-method,container9540
immersed-boundary-method,container
immersed-boundary-method,container9669
nvidia-amgx,container9540
nvidia-amgx,container
nvidia-amgx,container9669
petsc,container9540
petsc,container
petsc,container9669
fhir,container10477
graphql,container10477
hapi,container10477
hapi-boilerplate,container10477
hapi-fhir,container10477
spring-boot,container10477
coesra,container
coesra,container11402
coesra,container11401
coesra,container11391
coesra,container11392
coesra,container11393
convolutional-neural-networks,container
nicmslesions,container
nicmslesions-python3,container
libtooling,container11845
llvm-cov,container11845
test-coverage,container11845
big-data,container14785
deconvolution,container14785
mass-spectrometry,container14785
parafac,container14785
proteomics,container14785
tensor,container14785
genome-annotation,container15238
comparative-genomics,container15238
gene-models,container15238
ncbi-submission,container15238
phylogeography,container14575
plagues,container14575
fast-radio-bursts,container
fast-radio-bursts,container15654
fast-radio-bursts,container15652
fast-radio-bursts,container15653
psrdada,container
psrdada,container15654
psrdada,container15652
psrdada,container15653
pulsars,container
pulsars,container15654
pulsars,container15652
pulsars,container15653
radio-astronomy,container
radio-astronomy,container15654
radio-astronomy,container15652
radio-astronomy,container15653
